<ImportExportXml xmlns:xsi="http://www.w3.org/2001/XMLSchema-instance">
  <Entities>
    <Entity>
      <Name LocalizedName="Account" OriginalName="">Account</Name>
      <FormXml>
        <forms type="main">
          <systemform>
            <formid>{8448b78f-8f42-454e-8e2a-f8196b0419af}</formid>
            <IntroducedVersion>5.0.0.0</IntroducedVersion>
            <FormPresentation>1</FormPresentation>
            <FormActivationState>1</FormActivationState>
            <form showImage="true">
              <tabs>
                <tab name="SUMMARY_TAB" id="{3b0b63a9-d379-689a-0ec3-e71eb4c6a841}" IsUserDefined="0" showlabel="true" expanded="true" locklevel="0" ordinalvalue="0">
                  <columns>
                    <column width="33%" id="0">
                      <sections>
                        <section name="ACCOUNT_INFORMATION" showlabel="true" showbar="false" id="{0eb92e6c-bcb8-0d52-a188-d81543ddb7cd}" IsUserDefined="0" layout="varwidth" columns="1" labelwidth="115" celllabelposition="Left" ordinalvalue="0">
                          <rows>
                            <row>
                              <cell id="{3441a91e-47c5-672c-7a20-902d6baa9036}" showlabel="true" locklevel="0" ordinalvalue="10001" solutionaction="Modified">
                                <labels>
                                  <label description="MA 1.0.0" languagecode="1033" solutionaction="Modified" />
                                </labels>
                                <control id="telephone1" classid="{4273EDBD-AC1D-40d3-9FB2-095C621B552D}" datafieldname="telephone1" disabled="false" uniqueid="{4e9335a6-40e8-142b-c4ae-9e87dda730e5}" solutionaction="Modified" />
                              </cell>
                            </row>
                          </rows>
                        </section>
                      </sections>
                    </column>
                  </columns>
                </tab>
                <tab name="urstab" id="{c89e4b42-29b5-63b1-4666-65574779eddd}" IsUserDefined="0" locklevel="0" showlabel="true" expanded="false" ordinalvalue="4">
                  <columns>
                    <column width="33%" id="1">
                      <sections>
                        <section name="tab_3_section_2" showlabel="false" showbar="false" locklevel="0" id="{26e829cb-9a5d-a0b5-b062-0a931e082a1e}" IsUserDefined="0" layout="varwidth" columns="1" labelwidth="115" ordinalvalue="0">
                          <rows>
                            <row>
                              <cell id="{27e40b79-4062-47cd-bc1a-50d551874dea}" showlabel="false" ordinalvalue="10000" solutionaction="Added">
                                <labels>
                                  <label description="" languagecode="1033" />
                                </labels>
                              </cell>
                            </row>
                          </rows>
                        </section>
                      </sections>
                    </column>
                    <column width="33%" id="2">
                      <sections>
                        <section name="tab_3_section_3" showlabel="false" showbar="false" locklevel="0" id="{329c50b5-c80d-155e-aae5-50ca4db32d1a}" IsUserDefined="0" layout="varwidth" columns="1" labelwidth="115" ordinalvalue="0">
                          <rows>
                            <row>
                              <cell id="{7dd97a2f-7261-4577-bb9c-3b175c01b1b1}" showlabel="false" ordinalvalue="10000" solutionaction="Added">
                                <labels>
                                  <label description="" languagecode="1033" />
                                </labels>
                              </cell>
                            </row>
                          </rows>
                        </section>
                      </sections>
                    </column>
                  </columns>
                </tab>
              </tabs>
              <Navigation>
                <NavBar>
                  <NavBarByRelationshipItem RelationshipName="msdyn_account_msdyn_actualfact_AccountCustomer" Sequence="10002" Area="Info" Id="nav_msdyn_account_msdyn_actualfact_AccountCustomer" Show="false" solutionaction="Removed" />
                  <NavBarByRelationshipItem RelationshipName="msdyn_account_msdyn_actualfact_AccountVendor" Sequence="10003" Area="Info" Id="nav_msdyn_account_msdyn_actualfact_AccountVendor" Show="false" solutionaction="Removed" />
                </NavBar>
              </Navigation>
            </form>
            <LocalizedNames>
              <LocalizedName description="Account" languagecode="1033" />
            </LocalizedNames>
            <Descriptions>
              <Description description="Updated default Account form." languagecode="1033" />
            </Descriptions>
          </systemform>
        </forms>
      </FormXml>
      <RibbonDiffXml>
        <CustomActions />
        <Templates>
          <RibbonTemplates Id="Mscrm.Templates"></RibbonTemplates>
        </Templates>
        <CommandDefinitions />
        <RuleDefinitions>
          <TabDisplayRules />
          <DisplayRules />
          <EnableRules />
        </RuleDefinitions>
        <LocLabels />
      </RibbonDiffXml>
    </Entity>
  </Entities>
  <Roles></Roles>
  <Workflows></Workflows>
  <FieldSecurityProfiles></FieldSecurityProfiles>
  <Templates />
  <EntityMaps />
  <EntityRelationships />
  <OrganizationSettings />
  <optionsets />
  <CustomControls />
  <EntityDataProviders />
  <Languages>
    <Language>1033</Language>
  </Languages>
</ImportExportXml>