﻿<?xml version="1.0" encoding="utf-8"?>
<ImportExportXml version="5.0.9690.2538" minimumversion="5.0.0.0" languagecode="1033" generatedBy="OnPremise" xmlns:xsi="http://www.w3.org/2001/XMLSchema-instance">
  <SolutionManifest>
    <UniqueName>PluginProfiler</UniqueName>
    <LocalizedNames>
      <LocalizedName description="Plug-in Profiler" languagecode="1033" />
    </LocalizedNames>
    <Descriptions />
    <Version>1.0.0.0</Version>
    <Managed>1</Managed>
    <Publisher>
      <UniqueName>mbs</UniqueName>
      <LocalizedNames>
        <LocalizedName description="Michael Scott" languagecode="1033" />
      </LocalizedNames>
      <Descriptions />
      <EMailAddress xsi:nil="true"></EMailAddress>
      <SupportingWebsiteUrl xsi:nil="true"></SupportingWebsiteUrl>
      <CustomizationPrefix>mbs</CustomizationPrefix>
      <CustomizationOptionValuePrefix>86434</CustomizationOptionValuePrefix>
      <Addresses>
        <Address>
          <AddressNumber>1</AddressNumber>
          <AddressTypeCode>1</AddressTypeCode>
          <City xsi:nil="true"></City>
          <County xsi:nil="true"></County>
          <Country xsi:nil="true"></Country>
          <Fax xsi:nil="true"></Fax>
          <FreightTermsCode xsi:nil="true"></FreightTermsCode>
          <ImportSequenceNumber xsi:nil="true"></ImportSequenceNumber>
          <Latitude xsi:nil="true"></Latitude>
          <Line1 xsi:nil="true"></Line1>
          <Line2 xsi:nil="true"></Line2>
          <Line3 xsi:nil="true"></Line3>
          <Longitude xsi:nil="true"></Longitude>
          <Name xsi:nil="true"></Name>
          <PostalCode xsi:nil="true"></PostalCode>
          <PostOfficeBox xsi:nil="true"></PostOfficeBox>
          <PrimaryContactName xsi:nil="true"></PrimaryContactName>
          <ShippingMethodCode>1</ShippingMethodCode>
          <StateOrProvince xsi:nil="true"></StateOrProvince>
          <Telephone1 xsi:nil="true"></Telephone1>
          <Telephone2 xsi:nil="true"></Telephone2>
          <Telephone3 xsi:nil="true"></Telephone3>
          <TimeZoneRuleVersionNumber xsi:nil="true"></TimeZoneRuleVersionNumber>
          <UPSZone xsi:nil="true"></UPSZone>
          <UTCOffset xsi:nil="true"></UTCOffset>
          <UTCConversionTimeZoneCode xsi:nil="true"></UTCConversionTimeZoneCode>
        </Address>
        <Address>
          <AddressNumber>2</AddressNumber>
          <AddressTypeCode>1</AddressTypeCode>
          <City xsi:nil="true"></City>
          <County xsi:nil="true"></County>
          <Country xsi:nil="true"></Country>
          <Fax xsi:nil="true"></Fax>
          <FreightTermsCode xsi:nil="true"></FreightTermsCode>
          <ImportSequenceNumber xsi:nil="true"></ImportSequenceNumber>
          <Latitude xsi:nil="true"></Latitude>
          <Line1 xsi:nil="true"></Line1>
          <Line2 xsi:nil="true"></Line2>
          <Line3 xsi:nil="true"></Line3>
          <Longitude xsi:nil="true"></Longitude>
          <Name xsi:nil="true"></Name>
          <PostalCode xsi:nil="true"></PostalCode>
          <PostOfficeBox xsi:nil="true"></PostOfficeBox>
          <PrimaryContactName xsi:nil="true"></PrimaryContactName>
          <ShippingMethodCode>1</ShippingMethodCode>
          <StateOrProvince xsi:nil="true"></StateOrProvince>
          <Telephone1 xsi:nil="true"></Telephone1>
          <Telephone2 xsi:nil="true"></Telephone2>
          <Telephone3 xsi:nil="true"></Telephone3>
          <TimeZoneRuleVersionNumber xsi:nil="true"></TimeZoneRuleVersionNumber>
          <UPSZone xsi:nil="true"></UPSZone>
          <UTCOffset xsi:nil="true"></UTCOffset>
          <UTCConversionTimeZoneCode xsi:nil="true"></UTCConversionTimeZoneCode>
        </Address>
      </Addresses>
    </Publisher>
    <RootComponents>
      <RootComponent type="1" schemaName="mbs_pluginprofile" />
      <RootComponent type="61" schemaName="mbs_pluginprofileicon_large" />
      <RootComponent type="61" schemaName="mbs_pluginprofileicon_medium" />
      <RootComponent type="61" schemaName="mbs_pluginprofileicon_small" />
      <RootComponent type="62" />
      <RootComponent type="91" schemaName="PluginProfiler.Plugins, Version=6.1.0.0, Culture=neutral, PublicKeyToken=31bf3856ad364e35" />
    </RootComponents>
    <MissingDependencies>
      <MissingDependency>
        <Required key="0" type="1" schemaName="businessunit" displayName="Business Unit" solution="System" />
        <Dependent key="1" type="10" schemaName="mbs_businessunit_mbs_pluginprofile" />
      </MissingDependency>
      <MissingDependency>
        <Required key="2" type="1" schemaName="systemuser" displayName="User" solution="System" />
        <Dependent key="3" type="10" schemaName="mbs_systemuser_mbs_pluginprofile" />
      </MissingDependency>
      <MissingDependency>
        <Required key="4" type="26" schemaName="Business Units Lookup View" displayName="Business Units Lookup View" parentSchemaName="businessunit" parentDisplayName="Business Unit" solution="System" id="{408041f8-b27c-4741-9f7a-85eb1714e6a5}" />
        <Dependent key="5" type="60" parentDisplayName="Plug-in Profile" id="{c4b5ba6c-d51c-4f15-93c7-37d22c9dc393}" />
      </MissingDependency>
      <MissingDependency>
        <Required key="6" type="26" schemaName="User Lookup View" displayName="User Lookup View" parentSchemaName="systemuser" parentDisplayName="User" solution="System" id="{e88ca999-0b16-4ae9-b6a9-9edc840d42d8}" />
        <Dependent key="5" type="60" parentDisplayName="Plug-in Profile" id="{c4b5ba6c-d51c-4f15-93c7-37d22c9dc393}" />
      </MissingDependency>
    </MissingDependencies>
  </SolutionManifest>
</ImportExportXml>