<ImportExportXml xmlns:xsi="http://www.w3.org/2001/XMLSchema-instance">
  <Entities></Entities>
  <Roles></Roles>
  <Workflows></Workflows>
  <FieldSecurityProfiles></FieldSecurityProfiles>
  <Templates />
  <EntityMaps />
  <EntityRelationships />
  <OrganizationSettings />
  <optionsets />
  <WebResources>
    <WebResource>
      <WebResourceId>{7910e6f4-f6f4-e011-9d26-00155dba3819}</WebResourceId>
      <Name>sample_/JavaScriptRESTDataOperationsSample.htm</Name>
      <DisplayName>sample_/JavaScriptRESTDataOperationsSample.htm</DisplayName>
      <WebResourceType>1</WebResourceType>
      <IsCustomizable>1</IsCustomizable>
      <CanBeDeleted>1</CanBeDeleted>
      <IsHidden>0</IsHidden>
      <FileName>/WebResources/sample_JavaScriptRESTDataOperationsSamplehtm7910E6F4-F6F4-E011-9D26-00155DBA3819</FileName>
    </WebResource>
    <WebResource>
      <WebResourceId>{c3bbce0f-f7f4-e011-9d26-00155dba3819}</WebResourceId>
      <Name>sample_/Scripts/JavaScriptRESTDataOperationsSample.js</Name>
      <DisplayName>sample_/Scripts/JavaScriptRESTDataOperationsSample.js</DisplayName>
      <WebResourceType>3</WebResourceType>
      <IsCustomizable>1</IsCustomizable>
      <CanBeDeleted>1</CanBeDeleted>
      <IsHidden>0</IsHidden>
      <FileName>/WebResources/sample_ScriptsJavaScriptRESTDataOperationsSamplejsC3BBCE0F-F7F4-E011-9D26-00155DBA3819</FileName>
    </WebResource>
    <WebResource>
      <WebResourceId>{5a4ee028-f7f4-e011-9d26-00155dba3819}</WebResourceId>
      <Name>sample_/Scripts/json2.js</Name>
      <DisplayName>sample_/Scripts/json2.js</DisplayName>
      <Description>This JavaScript library provides a JSON object for pages that do not have one.</Description>
      <WebResourceType>3</WebResourceType>
      <IsCustomizable>1</IsCustomizable>
      <CanBeDeleted>1</CanBeDeleted>
      <IsHidden>0</IsHidden>
      <FileName>/WebResources/sample_Scriptsjson2js5A4EE028-F7F4-E011-9D26-00155DBA3819</FileName>
    </WebResource>
    <WebResource>
      <WebResourceId>{3419736a-7905-e111-aa36-00155dba381a}</WebResourceId>
      <Name>sample_/Scripts/SDK.REST.js</Name>
      <DisplayName>sample_/Scripts/SDK.REST.js</DisplayName>
      <Description>This library provides functions to support Create, Retrieve, Update, and Delete operations using the REST Endpoint for Web Resources.</Description>
      <WebResourceType>3</WebResourceType>
      <IsCustomizable>1</IsCustomizable>
      <CanBeDeleted>1</CanBeDeleted>
      <IsHidden>0</IsHidden>
      <FileName>/WebResources/sample_ScriptsSDKRESTjs3419736A-7905-E111-AA36-00155DBA381A</FileName>
    </WebResource>
  </WebResources>
  <Languages>
    <Language>1033</Language>
  </Languages>
</ImportExportXml>