<ImportExportXml xmlns:xsi="http://www.w3.org/2001/XMLSchema-instance">
  <Entities>
    <Entity>
      <Name LocalizedName="Lead" OriginalName="Lead">Lead</Name>
      <ObjectTypeCode>4</ObjectTypeCode>
      <EntityInfo>
        <entity Name="Lead">
          <attributes>
            <attribute PhysicalName="new_autoroute">
              <Type>bit</Type>
              <Name>new_autoroute</Name>
              <LogicalName>new_autoroute</LogicalName>
              <RequiredLevel>none</RequiredLevel>
              <DisplayMask>ValidForAdvancedFind|ValidForForm|ValidForGrid</DisplayMask>
              <ImeMode>auto</ImeMode>
              <ValidForUpdateApi>1</ValidForUpdateApi>
              <ValidForReadApi>1</ValidForReadApi>
              <ValidForCreateApi>1</ValidForCreateApi>
              <IsCustomField>1</IsCustomField>
              <IsAuditEnabled>1</IsAuditEnabled>
              <IsSecured>0</IsSecured>
              <IsCustomizable>1</IsCustomizable>
              <IsRenameable>1</IsRenameable>
              <CanModifySearchSettings>1</CanModifySearchSettings>
              <CanModifyRequirementLevelSettings>1</CanModifyRequirementLevelSettings>
              <CanModifyAdditionalSettings>1</CanModifyAdditionalSettings>
              <AppDefaultValue>0</AppDefaultValue>
              <optionset Name="new_lead_new_autoroute">
                <OptionSetType>bit</OptionSetType>
                <IsCustomizable>1</IsCustomizable>
                <displaynames>
                  <displayname description="Auto Route" languagecode="1033" />
                </displaynames>
                <options>
                  <option value="0">
                    <labels>
                      <label description="No" languagecode="1033" />
                    </labels>
                  </option>
                  <option value="1">
                    <labels>
                      <label description="Yes" languagecode="1033" />
                    </labels>
                  </option>
                </options>
              </optionset>
              <displaynames>
                <displayname description="Auto Route" languagecode="1033" />
              </displaynames>
            </attribute>
          </attributes>
          <IsDuplicateCheckSupported>1</IsDuplicateCheckSupported>
          <IsRequiredOffline>0</IsRequiredOffline>
          <IsCollaboration>0</IsCollaboration>
          <AutoRouteToOwnerQueue>0</AutoRouteToOwnerQueue>
          <IsConnectionsEnabled>1</IsConnectionsEnabled>
          <IsDocumentManagementEnabled>1</IsDocumentManagementEnabled>
          <OwnershipTypeMask>UserOwned</OwnershipTypeMask>
          <EntityMask>ActivityPointer</EntityMask>
          <IsAuditEnabled>0</IsAuditEnabled>
          <IsActivity>0</IsActivity>
          <ActivityTypeMask>CommunicationActivity</ActivityTypeMask>
          <IsActivityParty>1</IsActivityParty>
          <IsReplicated>1</IsReplicated>
          <IsReplicationUserFiltered>1</IsReplicationUserFiltered>
          <IsMailMergeEnabled>1</IsMailMergeEnabled>
          <IsVisibleInMobile>1</IsVisibleInMobile>
          <IsMapiGridEnabled>1</IsMapiGridEnabled>
          <IsReadingPaneEnabled>1</IsReadingPaneEnabled>
          <HasRelatedNotes>True</HasRelatedNotes>
          <HasRelatedActivities>True</HasRelatedActivities>
        </entity>
      </EntityInfo>
      <FormXml>
        <forms type="main">
          <systemform>
            <formid>{9886ead0-4fcc-4747-9a18-08e7a9a6de71}</formid>
            <form>
              <tabs>
                <tab name="general" verticallayout="true" id="{2c26e8f7-026f-4d3e-9262-6523e9accb2b}" IsUserDefined="0" ordinalvalue="0">
                  <columns>
                    <column width="100%" id="0">
                      <sections>
                        <section name="name" showlabel="false" showbar="false" id="{5a43a4e9-5370-4ee7-9f71-9ef915467f90}" IsUserDefined="0" ordinalvalue="0">
                          <rows>
                            <row>
                              <cell id="{dc72a1b9-01f8-45df-b5f5-0dbc3cada61a}" ordinalvalue="20014" solutionaction="Removed" />
                            </row>
                            <row>
                              <cell id="{35b296a4-1464-cd0b-b58e-28e39aeb1cce}" showlabel="true" locklevel="0" ordinalvalue="20014" solutionaction="Added">
                                <labels>
                                  <label description="" languagecode="1033" />
                                </labels>
                                <control id="new_autoroute" classid="{67FAC785-CD58-4f9f-ABB3-4B7DDC6ED5ED}" datafieldname="new_autoroute" disabled="false" />
                              </cell>
                            </row>
                          </rows>
                        </section>
                        <section name="address" showlabel="true" showbar="true" id="{e5d01544-1a3e-481f-803c-59b3fbaa54c9}" IsUserDefined="0" ordinalvalue="1">
                          <rows>
                            <row>
                              <cell id="{bb9177b7-a507-4fab-ba29-7fbb408c867b}" showlabel="false" ordinalvalue="20007" solutionaction="Modified" />
                            </row>
                          </rows>
                        </section>
                        <section name="description" showlabel="true" showbar="true" id="{2be84c3a-e676-40d0-9235-e9df8ed51132}" IsUserDefined="0" height="auto" ordinalvalue="2">
                          <rows />
                        </section>
                      </sections>
                    </column>
                  </columns>
                </tab>
                <tab name="notes and activities" id="{6296BEFE-3D2F-40ee-80C7-D84FB71EB13C}" IsUserDefined="0" expanded="false" ordinalvalue="2">
                  <columns>
                    <column width="100%" id="0">
                      <sections>
                        <section name="activities" showlabel="true" showbar="true" id="{598f3bcb-4ca1-4632-afd9-befda20904dd}" IsUserDefined="0" height="auto" ordinalvalue="0">
                          <rows />
                        </section>
                        <section name="notes" showlabel="true" showbar="true" id="{D30B89F9-DF1A-4b76-B1BF-50EF5B41712A}" IsUserDefined="0" height="auto" ordinalvalue="1">
                          <rows />
                        </section>
                      </sections>
                    </column>
                  </columns>
                </tab>
                <tab name="administration" id="{3b298b0f-ce9e-4c1b-846e-f0da12a270c4}" IsUserDefined="0" ordinalvalue="3">
                  <columns>
                    <column width="100%" id="0">
                      <sections>
                        <section name="contact methods" showlabel="true" showbar="true" id="{7fe525d3-3673-4a96-b9b1-ec2b6de424b5}" IsUserDefined="0" ordinalvalue="1">
                          <rows>
                            <row>
                              <cell id="{be8e18e0-16c9-4bcd-8b22-bf221c6a87fa}" showlabel="false" ordinalvalue="20001" solutionaction="Modified" />
                            </row>
                            <row>
                              <cell id="{001db7bb-e10a-4851-878c-e303b8cd170a}" showlabel="false" ordinalvalue="20007" solutionaction="Modified" />
                            </row>
                          </rows>
                        </section>
                        <section name="marketing information" showlabel="true" showbar="true" locklevel="0" id="{f1ebe00b-8f2d-4622-bceb-f47e2b9219ef}" IsUserDefined="0" layout="varheight" columns="11" ordinalvalue="2">
                          <rows>
                            <row>
                              <cell id="{5d31bb37-cf3c-4b09-90cb-6c48dc056897}" showlabel="false" ordinalvalue="20003" solutionaction="Modified" />
                            </row>
                          </rows>
                        </section>
                      </sections>
                    </column>
                  </columns>
                </tab>
              </tabs>
              <Navigation>
                <NavBar>
                  <NavBarByRelationshipItem RelationshipName="Lead_ActivityPointers" Id="navActivities" Icon="/_imgs/ico_18_act.gif" Sequence="10" Area="Info" solutionaction="Modified">
                    <Titles solutionaction="Added">
                      <Title LCID="1033" Text="Activities" />
                    </Titles>
                  </NavBarByRelationshipItem>
                  <NavBarByRelationshipItem RelationshipName="Lead_ActivityPointers" Id="navActivityHistory" TitleResourceId="Tab_Label_History" Icon="/_imgs/ico_18_history.gif" ViewId="21E2B905-6FDB-470d-8517-AD69B4C01268" Sequence="20" Area="Info" solutionaction="Modified">
                    <Titles solutionaction="Added">
                      <Title LCID="1033" Text="Closed Activities" />
                    </Titles>
                  </NavBarByRelationshipItem>
                </NavBar>
                <NavBarAreas solutionaction="Added">
                  <NavBarArea Id="Info">
                    <Titles>
                      <Title LCID="1033" Text="Common" />
                    </Titles>
                  </NavBarArea>
                  <NavBarArea Id="Sales">
                    <Titles>
                      <Title LCID="1033" Text="Sales" />
                    </Titles>
                  </NavBarArea>
                  <NavBarArea Id="Service">
                    <Titles>
                      <Title LCID="1033" Text="Service" />
                    </Titles>
                  </NavBarArea>
                  <NavBarArea Id="Marketing">
                    <Titles>
                      <Title LCID="1033" Text="Marketing" />
                    </Titles>
                  </NavBarArea>
                  <NavBarArea Id="ProcessCenter">
                    <Titles>
                      <Title LCID="1033" Text="Processes" />
                    </Titles>
                  </NavBarArea>
                </NavBarAreas>
              </Navigation>
            </form>
            <LocalizedNames>
              <LocalizedName description="معلومات" languagecode="1025" />
              <LocalizedName description="Information" languagecode="1033" />
              <LocalizedName description="מידע" languagecode="1037" />
            </LocalizedNames>
            <Descriptions>
              <Description description="نموذج لهذا الكيان." languagecode="1025" />
              <Description description="A form for this entity." languagecode="1033" />
              <Description description="טופס עבור ישות זו." languagecode="1037" />
            </Descriptions>
          </systemform>
        </forms>
      </FormXml>
      <RibbonDiffXml>
        <CustomActions />
        <Templates>
          <RibbonTemplates Id="Mscrm.Templates"></RibbonTemplates>
        </Templates>
        <CommandDefinitions />
        <RuleDefinitions>
          <TabDisplayRules />
          <DisplayRules />
          <EnableRules />
        </RuleDefinitions>
        <LocLabels />
      </RibbonDiffXml>
    </Entity>
  </Entities>
  <Roles></Roles>
  <Workflows>
    <Workflow WorkflowId="{9d0a0eb3-b15f-45d3-9e22-7d30561deab6}" Name="AddActivity Workflow">
      <XamlFileName>/Workflows/AddActivityWorkflow-9D0A0EB3-B15F-45D3-9E22-7D30561DEAB6.xaml</XamlFileName>
      <Type>1</Type>
      <Subprocess>0</Subprocess>
      <Category>0</Category>
      <Scope>4</Scope>
      <OnDemand>1</OnDemand>
      <TriggerOnCreate>1</TriggerOnCreate>
      <TriggerOnDelete>0</TriggerOnDelete>
      <AsyncAutodelete>0</AsyncAutodelete>
      <IsCustomizable>1</IsCustomizable>
      <PrimaryEntity>Account</PrimaryEntity>
    </Workflow>
    <Workflow WorkflowId="{0320b303-ff14-4f66-abe4-5c2110868165}" Name="Auto-Route Lead Workflow">
      <XamlFileName>/Workflows/Auto-RouteLeadWorkflow-0320B303-FF14-4F66-ABE4-5C2110868165.xaml</XamlFileName>
      <Type>1</Type>
      <Subprocess>0</Subprocess>
      <Category>0</Category>
      <Scope>4</Scope>
      <OnDemand>0</OnDemand>
      <TriggerOnCreate>1</TriggerOnCreate>
      <TriggerOnDelete>0</TriggerOnDelete>
      <AsyncAutodelete>0</AsyncAutodelete>
      <IsCustomizable>1</IsCustomizable>
      <PrimaryEntity>Lead</PrimaryEntity>
    </Workflow>
    <Workflow WorkflowId="{6bd9ce5a-1c8b-41cd-b48e-e5c4a7100ab2}" Name="CustomActivity Workflow">
      <XamlFileName>/Workflows/CustomActivityWorkflow-6BD9CE5A-1C8B-41CD-B48E-E5C4A7100AB2.xaml</XamlFileName>
      <Type>1</Type>
      <Subprocess>0</Subprocess>
      <Category>0</Category>
      <Scope>4</Scope>
      <OnDemand>1</OnDemand>
      <TriggerOnCreate>1</TriggerOnCreate>
      <TriggerOnDelete>0</TriggerOnDelete>
      <AsyncAutodelete>0</AsyncAutodelete>
      <IsCustomizable>1</IsCustomizable>
      <PrimaryEntity>Account</PrimaryEntity>
    </Workflow>
    <Workflow WorkflowId="{98184d69-27d4-48a1-8c95-774bfdb43669}" Name="DateChecker Workflow">
      <XamlFileName>/Workflows/DateCheckerWorkflow-98184D69-27D4-48A1-8C95-774BFDB43669.xaml</XamlFileName>
      <Type>1</Type>
      <Subprocess>0</Subprocess>
      <Category>0</Category>
      <Scope>4</Scope>
      <OnDemand>1</OnDemand>
      <TriggerOnUpdateAttributeList>estimatedclosedate</TriggerOnUpdateAttributeList>
      <TriggerOnCreate>1</TriggerOnCreate>
      <TriggerOnDelete>0</TriggerOnDelete>
      <AsyncAutodelete>0</AsyncAutodelete>
      <IsCustomizable>1</IsCustomizable>
      <PrimaryEntity>Opportunity</PrimaryEntity>
    </Workflow>
    <Workflow WorkflowId="{7b0ac3e2-b285-4d49-bae7-3954487a7677}" Name="DistanceCalculator Workflow">
      <XamlFileName>/Workflows/DistanceCalculatorWorkflow-7B0AC3E2-B285-4D49-BAE7-3954487A7677.xaml</XamlFileName>
      <Type>1</Type>
      <Subprocess>0</Subprocess>
      <Category>0</Category>
      <Scope>4</Scope>
      <OnDemand>1</OnDemand>
      <TriggerOnCreate>1</TriggerOnCreate>
      <TriggerOnDelete>0</TriggerOnDelete>
      <AsyncAutodelete>0</AsyncAutodelete>
      <IsCustomizable>1</IsCustomizable>
      <PrimaryEntity>Account</PrimaryEntity>
    </Workflow>
    <Workflow WorkflowId="{65579563-866d-4b67-b319-87f34feef02f}" Name="PostUrl Workflow">
      <XamlFileName>/Workflows/PostUrlWorkflow-65579563-866D-4B67-B319-87F34FEEF02F.xaml</XamlFileName>
      <Type>1</Type>
      <Subprocess>0</Subprocess>
      <Category>0</Category>
      <Scope>4</Scope>
      <OnDemand>1</OnDemand>
      <TriggerOnCreate>1</TriggerOnCreate>
      <TriggerOnDelete>0</TriggerOnDelete>
      <AsyncAutodelete>0</AsyncAutodelete>
      <IsCustomizable>1</IsCustomizable>
      <PrimaryEntity>Account</PrimaryEntity>
    </Workflow>
  </Workflows>
  <FieldSecurityProfiles></FieldSecurityProfiles>
  <Templates />
  <EntityMaps />
  <EntityRelationships>
    <EntityRelationship Name="Lead_ActivityPointers">
      <EntityRelationshipType>OneToMany</EntityRelationshipType>
      <ReferencingEntityName>ActivityPointer</ReferencingEntityName>
      <ReferencedEntityName>Lead</ReferencedEntityName>
      <ReferencingAttributeName>RegardingObjectId</ReferencingAttributeName>
      <RelationshipDescription>
        <Descriptions>
          <Description description="Unique identifier of the object with which the activity is associated." languagecode="1033" />
          <Description description="المعرف الفريد للكائن المقترن به النشاط." languagecode="1025" />
          <Description description="המזהה הייחודי של האובייקט שאליו משויכת הפעילות." languagecode="1037" />
        </Descriptions>
      </RelationshipDescription>
      <field name="regardingobjectid" requiredlevel="none" imemode="auto" lookupstyle="single" lookupbrowse="0" format="regarding">
        <IsSecured>0</IsSecured>
        <DisplayMask>ValidForAdvancedFind|ValidForForm|ValidForGrid</DisplayMask>
        <IsAuditEnabled>1</IsAuditEnabled>
        <displaynames>
          <displayname description="Regarding" languagecode="1033" />
          <displayname description="بخصوص" languagecode="1025" />
          <displayname description="לגבי" languagecode="1037" />
        </displaynames>
      </field>
      <EntityRelationshipRoles>
        <EntityRelationshipRole>
          <NavPaneDisplayOption>UseCollectionName</NavPaneDisplayOption>
          <NavPaneArea>Details</NavPaneArea>
          <NavPaneOrder>10</NavPaneOrder>
        </EntityRelationshipRole>
      </EntityRelationshipRoles>
    </EntityRelationship>
    <EntityRelationship Name="Lead_Annotation">
      <EntityRelationshipType>OneToMany</EntityRelationshipType>
      <ReferencingEntityName>Annotation</ReferencingEntityName>
      <ReferencedEntityName>Lead</ReferencedEntityName>
      <CascadeAssign>Cascade</CascadeAssign>
      <CascadeDelete>Cascade</CascadeDelete>
      <CascadeReparent>Cascade</CascadeReparent>
      <CascadeShare>Cascade</CascadeShare>
      <CascadeUnshare>Cascade</CascadeUnshare>
      <ReferencingAttributeName>ObjectId</ReferencingAttributeName>
      <RelationshipDescription>
        <Descriptions>
          <Description description="Unique identifier of the object with which the note is associated." languagecode="1033" />
          <Description description="המזהה הייחודי של האובייקט שאליו משויכת ההערה." languagecode="1037" />
          <Description description="المعرّف الفريد للكائن الذي تقترن به الملاحظة." languagecode="1025" />
        </Descriptions>
      </RelationshipDescription>
      <field name="objectid" requiredlevel="none" imemode="auto" lookupstyle="single" lookupbrowse="0">
        <IsSecured>0</IsSecured>
        <IsAuditEnabled>1</IsAuditEnabled>
        <displaynames>
          <displayname description="بخصوص" languagecode="1025" />
          <displayname description="Regarding" languagecode="1033" />
          <displayname description="לגבי" languagecode="1037" />
        </displaynames>
      </field>
    </EntityRelationship>
    <EntityRelationship Name="Lead_Appointments">
      <EntityRelationshipType>OneToMany</EntityRelationshipType>
      <ReferencingEntityName>Appointment</ReferencingEntityName>
      <ReferencedEntityName>Lead</ReferencedEntityName>
      <CascadeAssign>Cascade</CascadeAssign>
      <CascadeDelete>Cascade</CascadeDelete>
      <CascadeReparent>Cascade</CascadeReparent>
      <CascadeShare>Cascade</CascadeShare>
      <CascadeUnshare>Cascade</CascadeUnshare>
      <ReferencingAttributeName>RegardingObjectId</ReferencingAttributeName>
      <RelationshipDescription>
        <Descriptions>
          <Description description="המזהה הייחודי של האובייקט שאליו משויכת הפגישה." languagecode="1037" />
          <Description description="Unique identifier of the object with which the appointment is associated." languagecode="1033" />
          <Description description="المعرف الفريد للكائن المقترن به الموعد." languagecode="1025" />
        </Descriptions>
      </RelationshipDescription>
      <field name="regardingobjectid" requiredlevel="none" imemode="auto" lookupstyle="single" lookupbrowse="0" format="regarding">
        <IsSecured>0</IsSecured>
        <DisplayMask>ValidForAdvancedFind|ValidForForm|ValidForGrid</DisplayMask>
        <IsAuditEnabled>1</IsAuditEnabled>
        <displaynames>
          <displayname description="Regarding" languagecode="1033" />
          <displayname description="לגבי" languagecode="1037" />
          <displayname description="بخصوص" languagecode="1025" />
        </displaynames>
      </field>
    </EntityRelationship>
    <EntityRelationship Name="Lead_AsyncOperations">
      <EntityRelationshipType>OneToMany</EntityRelationshipType>
      <ReferencingEntityName>AsyncOperation</ReferencingEntityName>
      <ReferencedEntityName>Lead</ReferencedEntityName>
      <ReferencingAttributeName>RegardingObjectId</ReferencingAttributeName>
      <RelationshipDescription>
        <Descriptions>
          <Description description="Unique identifier of the object with which the system job is associated." languagecode="1033" />
          <Description description="המזהה הייחודי של האובייקט שאליו משויכת משימת המערכת." languagecode="1037" />
          <Description description="المعرّف الفريد للكائن المقترنة به وظيفة النظام." languagecode="1025" />
        </Descriptions>
      </RelationshipDescription>
      <field name="regardingobjectid" requiredlevel="none" imemode="auto" lookupstyle="single" lookupbrowse="0" format="regarding">
        <IsSecured>0</IsSecured>
        <DisplayMask>ValidForAdvancedFind|ValidForForm|ValidForGrid</DisplayMask>
        <IsAuditEnabled>1</IsAuditEnabled>
        <displaynames>
          <displayname description="Regarding" languagecode="1033" />
          <displayname description="לגבי" languagecode="1037" />
          <displayname description="بخصوص" languagecode="1025" />
        </displaynames>
      </field>
    </EntityRelationship>
    <EntityRelationship Name="Lead_BulkDeleteFailures">
      <EntityRelationshipType>OneToMany</EntityRelationshipType>
      <ReferencingEntityName>BulkDeleteFailure</ReferencingEntityName>
      <ReferencedEntityName>Lead</ReferencedEntityName>
      <ReferencingAttributeName>RegardingObjectId</ReferencingAttributeName>
      <RelationshipDescription>
        <Descriptions>
          <Description description="المعرّف الفريد للسجل الذي يتعذر حذفه." languagecode="1025" />
          <Description description="המזהה הייחודי של הרשומה שאין אפשרות למחוק אותה." languagecode="1037" />
          <Description description="Unique identifier of the record that can not be deleted." languagecode="1033" />
        </Descriptions>
      </RelationshipDescription>
      <field name="regardingobjectid" requiredlevel="none" imemode="auto" lookupstyle="single" lookupbrowse="0" format="regarding">
        <IsSecured>0</IsSecured>
        <DisplayMask>ValidForAdvancedFind|ValidForForm|ValidForGrid</DisplayMask>
        <IsAuditEnabled>1</IsAuditEnabled>
        <displaynames>
          <displayname description="الاسم" languagecode="1025" />
          <displayname description="שם" languagecode="1037" />
          <displayname description="Name" languagecode="1033" />
        </displaynames>
      </field>
    </EntityRelationship>
    <EntityRelationship Name="lead_connections1">
      <EntityRelationshipType>OneToMany</EntityRelationshipType>
      <ReferencingEntityName>Connection</ReferencingEntityName>
      <ReferencedEntityName>Lead</ReferencedEntityName>
      <ReferencingAttributeName>Record1Id</ReferencingAttributeName>
      <RelationshipDescription>
        <Descriptions>
          <Description description="Unique identifier of the source record." languagecode="1033" />
          <Description description="המזהה הייחודי של רשומת המקור." languagecode="1037" />
          <Description description="المعرّف الفريد للسجل المصدر." languagecode="1025" />
        </Descriptions>
      </RelationshipDescription>
      <field name="record1id" requiredlevel="none" imemode="auto" lookupstyle="single" lookupbrowse="0" format="connection">
        <IsSecured>0</IsSecured>
        <DisplayMask>ValidForAdvancedFind|ValidForForm|ValidForGrid|RequiredForForm</DisplayMask>
        <IsAuditEnabled>1</IsAuditEnabled>
        <displaynames>
          <displayname description="Connected From" languagecode="1033" />
          <displayname description="متصل من" languagecode="1025" />
          <displayname description="מחובר מ:" languagecode="1037" />
        </displaynames>
      </field>
    </EntityRelationship>
    <EntityRelationship Name="lead_connections2">
      <EntityRelationshipType>OneToMany</EntityRelationshipType>
      <ReferencingEntityName>Connection</ReferencingEntityName>
      <ReferencedEntityName>Lead</ReferencedEntityName>
      <ReferencingAttributeName>Record2Id</ReferencingAttributeName>
      <RelationshipDescription>
        <Descriptions>
          <Description description="المعرّف الفريد للسجل الهدف." languagecode="1025" />
          <Description description="המזהה הייחודי של רשומת היעד." languagecode="1037" />
          <Description description="Unique identifier of the target record." languagecode="1033" />
        </Descriptions>
      </RelationshipDescription>
      <field name="record2id" requiredlevel="none" imemode="auto" lookupstyle="single" lookupbrowse="0" format="connection">
        <IsSecured>0</IsSecured>
        <DisplayMask>ValidForAdvancedFind|ValidForForm|ValidForGrid|RequiredForForm</DisplayMask>
        <IsAuditEnabled>1</IsAuditEnabled>
        <displaynames>
          <displayname description="מחובר אל" languagecode="1037" />
          <displayname description="Connected To" languagecode="1033" />
          <displayname description="متصل بـ" languagecode="1025" />
        </displaynames>
      </field>
    </EntityRelationship>
    <EntityRelationship Name="Lead_DuplicateBaseRecord">
      <EntityRelationshipType>OneToMany</EntityRelationshipType>
      <ReferencingEntityName>DuplicateRecord</ReferencingEntityName>
      <ReferencedEntityName>Lead</ReferencedEntityName>
      <ReferencingAttributeName>BaseRecordId</ReferencingAttributeName>
      <RelationshipDescription>
        <Descriptions>
          <Description description="Unique identifier of the base record." languagecode="1033" />
          <Description description="המזהה הייחודי של רשומת הבסיס." languagecode="1037" />
          <Description description="المعرّف الفريد للسجل الأساسي." languagecode="1025" />
        </Descriptions>
      </RelationshipDescription>
      <field name="baserecordid" requiredlevel="none" imemode="auto" lookupstyle="single" lookupbrowse="0">
        <IsSecured>0</IsSecured>
        <DisplayMask>ValidForAdvancedFind|ValidForForm|ValidForGrid</DisplayMask>
        <IsAuditEnabled>1</IsAuditEnabled>
        <displaynames>
          <displayname description="Base Record ID" languagecode="1033" />
          <displayname description="מזהה רשומת בסיס" languagecode="1037" />
          <displayname description="معرف السجل الأساسي" languagecode="1025" />
        </displaynames>
      </field>
    </EntityRelationship>
    <EntityRelationship Name="Lead_DuplicateMatchingRecord">
      <EntityRelationshipType>OneToMany</EntityRelationshipType>
      <ReferencingEntityName>DuplicateRecord</ReferencingEntityName>
      <ReferencedEntityName>Lead</ReferencedEntityName>
      <ReferencingAttributeName>DuplicateRecordId</ReferencingAttributeName>
      <RelationshipDescription>
        <Descriptions>
          <Description description="Unique identifier of the potential duplicate record." languagecode="1033" />
          <Description description="המזהה הייחודי של הרשומה הכפולה הפוטנציאלית." languagecode="1037" />
          <Description description="المعرّف الفريد للسجل المكرر المحتمل." languagecode="1025" />
        </Descriptions>
      </RelationshipDescription>
      <field name="duplicaterecordid" requiredlevel="none" imemode="auto" lookupstyle="single" lookupbrowse="0">
        <IsSecured>0</IsSecured>
        <DisplayMask>ValidForAdvancedFind|ValidForForm|ValidForGrid</DisplayMask>
        <IsAuditEnabled>1</IsAuditEnabled>
        <displaynames>
          <displayname description="Duplicate Record ID" languagecode="1033" />
          <displayname description="מזהה רשומה כפולה" languagecode="1037" />
          <displayname description="معرف السجل المكرر" languagecode="1025" />
        </displaynames>
      </field>
    </EntityRelationship>
    <EntityRelationship Name="Lead_Emails">
      <EntityRelationshipType>OneToMany</EntityRelationshipType>
      <ReferencingEntityName>Email</ReferencingEntityName>
      <ReferencedEntityName>Lead</ReferencedEntityName>
      <CascadeAssign>Cascade</CascadeAssign>
      <CascadeDelete>Cascade</CascadeDelete>
      <CascadeReparent>Cascade</CascadeReparent>
      <CascadeShare>Cascade</CascadeShare>
      <CascadeUnshare>Cascade</CascadeUnshare>
      <ReferencingAttributeName>RegardingObjectId</ReferencingAttributeName>
      <RelationshipDescription>
        <Descriptions>
          <Description description="המזהה הייחודי של האובייקט שאליו משויך הדואר האלקטרוני." languagecode="1037" />
          <Description description="Unique identifier of the object with which the e-mail is associated." languagecode="1033" />
          <Description description="المعرّف الفريد للكائن المقترن به البريد الإلكتروني." languagecode="1025" />
        </Descriptions>
      </RelationshipDescription>
      <field name="regardingobjectid" requiredlevel="none" imemode="auto" lookupstyle="single" lookupbrowse="0" format="regarding">
        <IsSecured>0</IsSecured>
        <DisplayMask>ValidForAdvancedFind|ValidForForm|ValidForGrid|RequiredForForm</DisplayMask>
        <IsAuditEnabled>1</IsAuditEnabled>
        <displaynames>
          <displayname description="Regarding" languagecode="1033" />
          <displayname description="לגבי" languagecode="1037" />
          <displayname description="بخصوص" languagecode="1025" />
        </displaynames>
      </field>
    </EntityRelationship>
    <EntityRelationship Name="Lead_Faxes">
      <EntityRelationshipType>OneToMany</EntityRelationshipType>
      <ReferencingEntityName>Fax</ReferencingEntityName>
      <ReferencedEntityName>Lead</ReferencedEntityName>
      <CascadeAssign>Cascade</CascadeAssign>
      <CascadeDelete>Cascade</CascadeDelete>
      <CascadeReparent>Cascade</CascadeReparent>
      <CascadeShare>Cascade</CascadeShare>
      <CascadeUnshare>Cascade</CascadeUnshare>
      <ReferencingAttributeName>RegardingObjectId</ReferencingAttributeName>
      <RelationshipDescription>
        <Descriptions>
          <Description description="Unique identifier of the object with which the fax activity is associated." languagecode="1033" />
          <Description description="המזהה הייחודי של האובייקט שאליו משויכת פעילות הפקס." languagecode="1037" />
          <Description description="المعرف الفريد للكائن المقترن به نشاط الحملة." languagecode="1025" />
        </Descriptions>
      </RelationshipDescription>
      <field name="regardingobjectid" requiredlevel="none" imemode="auto" lookupstyle="single" lookupbrowse="0" format="regarding">
        <IsSecured>0</IsSecured>
        <DisplayMask>ValidForAdvancedFind|ValidForForm|ValidForGrid</DisplayMask>
        <IsAuditEnabled>1</IsAuditEnabled>
        <displaynames>
          <displayname description="Regarding" languagecode="1033" />
          <displayname description="לגבי" languagecode="1037" />
          <displayname description="بخصوص" languagecode="1025" />
        </displaynames>
      </field>
    </EntityRelationship>
    <EntityRelationship Name="Lead_Letters">
      <EntityRelationshipType>OneToMany</EntityRelationshipType>
      <ReferencingEntityName>Letter</ReferencingEntityName>
      <ReferencedEntityName>Lead</ReferencedEntityName>
      <CascadeAssign>Cascade</CascadeAssign>
      <CascadeDelete>Cascade</CascadeDelete>
      <CascadeReparent>Cascade</CascadeReparent>
      <CascadeShare>Cascade</CascadeShare>
      <CascadeUnshare>Cascade</CascadeUnshare>
      <ReferencingAttributeName>RegardingObjectId</ReferencingAttributeName>
      <RelationshipDescription>
        <Descriptions>
          <Description description="המזהה הייחודי של האובייקט שאליו משויכת פעילות המכתב." languagecode="1037" />
          <Description description="Unique identifier of the object with which the letter activity is associated." languagecode="1033" />
          <Description description="المعرف الفريد للكائن المقترن به نشاط الخطاب." languagecode="1025" />
        </Descriptions>
      </RelationshipDescription>
      <field name="regardingobjectid" requiredlevel="none" imemode="auto" lookupstyle="single" lookupbrowse="0" format="regarding">
        <IsSecured>0</IsSecured>
        <DisplayMask>ValidForAdvancedFind|ValidForForm|ValidForGrid</DisplayMask>
        <IsAuditEnabled>1</IsAuditEnabled>
        <displaynames>
          <displayname description="Regarding" languagecode="1033" />
          <displayname description="بخصوص" languagecode="1025" />
          <displayname description="לגבי" languagecode="1037" />
        </displaynames>
      </field>
    </EntityRelationship>
    <EntityRelationship Name="lead_New_Tweets">
      <EntityRelationshipType>OneToMany</EntityRelationshipType>
      <IsCustomizable>1</IsCustomizable>
      <ReferencingEntityName>New_Tweet</ReferencingEntityName>
      <ReferencedEntityName>Lead</ReferencedEntityName>
      <CascadeAssign>Cascade</CascadeAssign>
      <CascadeDelete>Cascade</CascadeDelete>
      <CascadeReparent>Cascade</CascadeReparent>
      <CascadeShare>Cascade</CascadeShare>
      <CascadeUnshare>Cascade</CascadeUnshare>
      <ReferencingAttributeName>RegardingObjectId</ReferencingAttributeName>
      <RelationshipDescription>
        <Descriptions>
          <Description description="المعرف الفريد للكائن المقترن به النشاط." languagecode="1025" />
          <Description description="Unique identifier of the object with which the activity is associated." languagecode="1033" />
          <Description description="המזהה הייחודי של האובייקט שאליו משויכת הפעילות." languagecode="1037" />
        </Descriptions>
      </RelationshipDescription>
      <field name="regardingobjectid" requiredlevel="none" imemode="auto" lookupstyle="single" lookupbrowse="0" format="regarding">
        <IsCustomizable>1</IsCustomizable>
        <IsRenameable>1</IsRenameable>
        <CanModifySearchSettings>1</CanModifySearchSettings>
        <CanModifyRequirementLevelSettings>1</CanModifyRequirementLevelSettings>
        <IsSecured>0</IsSecured>
        <DisplayMask>ValidForAdvancedFind|ValidForForm|ValidForGrid</DisplayMask>
        <IsAuditEnabled>1</IsAuditEnabled>
        <displaynames>
          <displayname description="بخصوص" languagecode="1025" />
          <displayname description="Regarding" languagecode="1033" />
          <displayname description="לגבי" languagecode="1037" />
        </displaynames>
      </field>
    </EntityRelationship>
    <EntityRelationship Name="Lead_Phonecalls">
      <EntityRelationshipType>OneToMany</EntityRelationshipType>
      <ReferencingEntityName>PhoneCall</ReferencingEntityName>
      <ReferencedEntityName>Lead</ReferencedEntityName>
      <CascadeAssign>Cascade</CascadeAssign>
      <CascadeDelete>Cascade</CascadeDelete>
      <CascadeReparent>Cascade</CascadeReparent>
      <CascadeShare>Cascade</CascadeShare>
      <CascadeUnshare>Cascade</CascadeUnshare>
      <ReferencingAttributeName>RegardingObjectId</ReferencingAttributeName>
      <RelationshipDescription>
        <Descriptions>
          <Description description="Unique identifier of the object with which the phone call activity is associated." languagecode="1033" />
          <Description description="المعرف الفريد للكائن المقترن به نشاط المكالمة الهاتفية." languagecode="1025" />
          <Description description="המזהה הייחודי של האובייקט שאליו משויכת פעילות שיחת הטלפון." languagecode="1037" />
        </Descriptions>
      </RelationshipDescription>
      <field name="regardingobjectid" requiredlevel="none" imemode="auto" lookupstyle="single" lookupbrowse="0" format="regarding">
        <IsSecured>0</IsSecured>
        <DisplayMask>ValidForAdvancedFind|ValidForForm|ValidForGrid</DisplayMask>
        <IsAuditEnabled>1</IsAuditEnabled>
        <displaynames>
          <displayname description="Regarding" languagecode="1033" />
          <displayname description="לגבי" languagecode="1037" />
          <displayname description="بخصوص" languagecode="1025" />
        </displaynames>
      </field>
    </EntityRelationship>
    <EntityRelationship Name="lead_principalobjectattributeaccess">
      <EntityRelationshipType>OneToMany</EntityRelationshipType>
      <ReferencingEntityName>PrincipalObjectAttributeAccess</ReferencingEntityName>
      <ReferencedEntityName>Lead</ReferencedEntityName>
      <ReferencingAttributeName>ObjectId</ReferencingAttributeName>
      <RelationshipDescription>
        <Descriptions>
          <Description description="المعرّف الفريد لمثيل الكيان الذي به حقل آمن مشترك" languagecode="1025" />
          <Description description="המזהה הייחודי של מופע הישות בעל שדה מאובטח משותף" languagecode="1037" />
          <Description description="Unique identifier of the entity instance with shared secured field" languagecode="1033" />
        </Descriptions>
      </RelationshipDescription>
      <field name="objectid" requiredlevel="systemrequired" imemode="auto" lookupstyle="single" lookupbrowse="0" format="regarding">
        <IsSecured>0</IsSecured>
        <DisplayMask>ValidForForm|ValidForGrid</DisplayMask>
        <IsAuditEnabled>1</IsAuditEnabled>
        <displaynames>
          <displayname description="مثيل الكيان" languagecode="1025" />
          <displayname description="Entity instance" languagecode="1033" />
          <displayname description="מופע ישות" languagecode="1037" />
        </displaynames>
      </field>
    </EntityRelationship>
    <EntityRelationship Name="Lead_ProcessSessions">
      <EntityRelationshipType>OneToMany</EntityRelationshipType>
      <ReferencingEntityName>ProcessSession</ReferencingEntityName>
      <ReferencedEntityName>Lead</ReferencedEntityName>
      <ReferencingAttributeName>RegardingObjectId</ReferencingAttributeName>
      <RelationshipDescription>
        <Descriptions>
          <Description description="المعرّف الفريد للكائن الذي تقترن به جلسة عمل الحوار." languagecode="1025" />
          <Description description="המזהה הייחודי של האבייקט שאליו משויכת הפעלת הדו-שיח." languagecode="1037" />
          <Description description="Unique identifier of the object with which the dialog session is associated." languagecode="1033" />
        </Descriptions>
      </RelationshipDescription>
      <field name="regardingobjectid" requiredlevel="none" imemode="auto" lookupstyle="single" lookupbrowse="0" format="regarding">
        <IsSecured>0</IsSecured>
        <DisplayMask>ValidForAdvancedFind|ValidForGrid</DisplayMask>
        <IsAuditEnabled>1</IsAuditEnabled>
        <displaynames>
          <displayname description="לגבי" languagecode="1037" />
          <displayname description="بخصوص" languagecode="1025" />
          <displayname description="Regarding" languagecode="1033" />
        </displaynames>
      </field>
    </EntityRelationship>
    <EntityRelationship Name="Lead_RecurringAppointmentMasters">
      <EntityRelationshipType>OneToMany</EntityRelationshipType>
      <ReferencingEntityName>RecurringAppointmentMaster</ReferencingEntityName>
      <ReferencedEntityName>Lead</ReferencedEntityName>
      <CascadeAssign>Cascade</CascadeAssign>
      <CascadeDelete>Cascade</CascadeDelete>
      <CascadeReparent>Cascade</CascadeReparent>
      <CascadeShare>Cascade</CascadeShare>
      <CascadeUnshare>Cascade</CascadeUnshare>
      <ReferencingAttributeName>RegardingObjectId</ReferencingAttributeName>
      <RelationshipDescription>
        <Descriptions>
          <Description description="Unique identifier of the object with which the recurring appointment series is associated." languagecode="1033" />
          <Description description="המזהה הייחודי של האובייקט שאליו משויכת סידרת הפגישות החוזרות." languagecode="1037" />
          <Description description="المعرّف الفريد للكائن المقترن به سلسلة المواعيد المتكررة." languagecode="1025" />
        </Descriptions>
      </RelationshipDescription>
      <field name="regardingobjectid" requiredlevel="none" imemode="auto" lookupstyle="single" lookupbrowse="0" format="regarding">
        <IsSecured>0</IsSecured>
        <DisplayMask>ValidForAdvancedFind|ValidForForm|ValidForGrid</DisplayMask>
        <IsAuditEnabled>1</IsAuditEnabled>
        <displaynames>
          <displayname description="بخصوص" languagecode="1025" />
          <displayname description="לגבי" languagecode="1037" />
          <displayname description="Regarding" languagecode="1033" />
        </displaynames>
      </field>
    </EntityRelationship>
    <EntityRelationship Name="Lead_ServiceAppointments">
      <EntityRelationshipType>OneToMany</EntityRelationshipType>
      <ReferencingEntityName>ServiceAppointment</ReferencingEntityName>
      <ReferencedEntityName>Lead</ReferencedEntityName>
      <CascadeAssign>Cascade</CascadeAssign>
      <CascadeDelete>RemoveLink</CascadeDelete>
      <CascadeReparent>Cascade</CascadeReparent>
      <CascadeShare>Cascade</CascadeShare>
      <CascadeUnshare>Cascade</CascadeUnshare>
      <ReferencingAttributeName>RegardingObjectId</ReferencingAttributeName>
      <RelationshipDescription>
        <Descriptions>
          <Description description="Unique identifier of the object with which the service activity is associated." languagecode="1033" />
          <Description description="המזהה הייחודי של האובייקט שאליו משויכת פעילות השירות." languagecode="1037" />
          <Description description="المعرف الفريد للكائن المقترن به نشاط الخدمة." languagecode="1025" />
        </Descriptions>
      </RelationshipDescription>
      <field name="regardingobjectid" requiredlevel="none" imemode="auto" lookupstyle="single" lookupbrowse="0" format="regarding">
        <IsSecured>0</IsSecured>
        <DisplayMask>ValidForAdvancedFind|ValidForForm|ValidForGrid</DisplayMask>
        <IsAuditEnabled>1</IsAuditEnabled>
        <displaynames>
          <displayname description="Regarding" languagecode="1033" />
          <displayname description="לגבי" languagecode="1037" />
          <displayname description="بخصوص" languagecode="1025" />
        </displaynames>
      </field>
    </EntityRelationship>
    <EntityRelationship Name="Lead_Tasks">
      <EntityRelationshipType>OneToMany</EntityRelationshipType>
      <ReferencingEntityName>Task</ReferencingEntityName>
      <ReferencedEntityName>Lead</ReferencedEntityName>
      <CascadeAssign>Cascade</CascadeAssign>
      <CascadeDelete>Cascade</CascadeDelete>
      <CascadeReparent>Cascade</CascadeReparent>
      <CascadeShare>Cascade</CascadeShare>
      <CascadeUnshare>Cascade</CascadeUnshare>
      <ReferencingAttributeName>RegardingObjectId</ReferencingAttributeName>
      <RelationshipDescription>
        <Descriptions>
          <Description description="Unique identifier of the object with which the task is associated." languagecode="1033" />
          <Description description="המזהה הייחודי של האובייקט שאליו משויכת המשימה." languagecode="1037" />
          <Description description="المعرف الفريد للكائن المقترنة به المهمة." languagecode="1025" />
        </Descriptions>
      </RelationshipDescription>
      <field name="regardingobjectid" requiredlevel="none" imemode="auto" lookupstyle="single" lookupbrowse="0" format="regarding">
        <IsSecured>0</IsSecured>
        <DisplayMask>ValidForAdvancedFind|ValidForForm|ValidForGrid</DisplayMask>
        <IsAuditEnabled>1</IsAuditEnabled>
        <displaynames>
          <displayname description="بخصوص" languagecode="1025" />
          <displayname description="Regarding" languagecode="1033" />
          <displayname description="לגבי" languagecode="1037" />
        </displaynames>
      </field>
    </EntityRelationship>
    <EntityRelationship Name="userentityinstancedata_lead">
      <EntityRelationshipType>OneToMany</EntityRelationshipType>
      <ReferencingEntityName>UserEntityInstanceData</ReferencingEntityName>
      <ReferencedEntityName>Lead</ReferencedEntityName>
      <ReferencingAttributeName>ObjectId</ReferencingAttributeName>
      <RelationshipDescription>
        <Descriptions>
          <Description description="המזהה הייחודי של רשומת המקור." languagecode="1037" />
          <Description description="المعرّف الفريد للسجل المصدر." languagecode="1025" />
          <Description description="Unique identifier of the source record." languagecode="1033" />
        </Descriptions>
      </RelationshipDescription>
      <field name="objectid" requiredlevel="systemrequired" imemode="auto" lookupstyle="single" lookupbrowse="0">
        <IsSecured>0</IsSecured>
        <DisplayMask>ValidForAdvancedFind|ValidForForm|ValidForGrid|RequiredForForm</DisplayMask>
        <IsAuditEnabled>1</IsAuditEnabled>
        <displaynames>
          <displayname description="Object Id" languagecode="1033" />
          <displayname description="מזהה אובייקט" languagecode="1037" />
          <displayname description="معرّف الكائن" languagecode="1025" />
        </displaynames>
      </field>
    </EntityRelationship>
  </EntityRelationships>
  <OrganizationSettings />
  <optionsets />
  <SolutionPluginAssemblies>
    <PluginAssembly FullName="AddActivity, Version=1.0.0.0, Culture=neutral, PublicKeyToken=3c8fb46272c6ec4f" CustomizationLevel="1">
      <IsolationMode>1</IsolationMode>
      <SourceType>0</SourceType>
      <FileName>/PluginAssemblies/AddActivity-F19CFB49-1A94-4FB3-900B-52280E9CE32E/AddActivity.dll</FileName>
      <PluginTypes>
        <PluginType AssemblyQualifiedName="Microsoft.Crm.Sdk.Samples.AddActivity, AddActivity, Version=1.0.0.0, Culture=neutral, PublicKeyToken=3c8fb46272c6ec4f" Name="AddActivity">
          <Description>Perform addition with two summands</Description>
          <FriendlyName>Add Activity</FriendlyName>
          <WorkflowActivityGroupName>Sample Activities</WorkflowActivityGroupName>
        </PluginType>
      </PluginTypes>
    </PluginAssembly>
    <PluginAssembly FullName="AutoRouteLead, Version=1.0.0.0, Culture=neutral, PublicKeyToken=7694854267fcfb73" CustomizationLevel="1">
      <IsolationMode>1</IsolationMode>
      <SourceType>0</SourceType>
      <FileName>/PluginAssemblies/AutoRouteLead-DC51CA60-0475-4898-970F-963D385AB129/AutoRouteLead.dll</FileName>
      <PluginTypes>
        <PluginType AssemblyQualifiedName="Microsoft.Crm.Sdk.Samples.AutoRouteLead, AutoRouteLead, Version=1.0.0.0, Culture=neutral, PublicKeyToken=7694854267fcfb73" Name="AutoRouteLead">
          <Description>Custom activity auto-routes lead based on CSR load</Description>
          <FriendlyName>Auto-Route Lead</FriendlyName>
          <WorkflowActivityGroupName>Sample Activities</WorkflowActivityGroupName>
        </PluginType>
      </PluginTypes>
    </PluginAssembly>
    <PluginAssembly FullName="CustomActivity, Version=1.0.0.0, Culture=neutral, PublicKeyToken=eeb48749ce7e71ba" CustomizationLevel="1">
      <IsolationMode>1</IsolationMode>
      <SourceType>0</SourceType>
      <FileName>/PluginAssemblies/CustomActivity-9E2D7DF2-F2A8-4F2E-B556-99510E7AD955/CustomActivity.dll</FileName>
      <PluginTypes>
        <PluginType AssemblyQualifiedName="Microsoft.Crm.Sdk.Samples.CustomActivity, CustomActivity, Version=1.0.0.0, Culture=neutral, PublicKeyToken=eeb48749ce7e71ba" Name="CustomActivity">
          <Description>Creates a task activity</Description>
          <FriendlyName>Custom Activity</FriendlyName>
          <WorkflowActivityGroupName>Sample Activities</WorkflowActivityGroupName>
        </PluginType>
      </PluginTypes>
    </PluginAssembly>
    <PluginAssembly FullName="DateChecker, Version=1.0.0.0, Culture=neutral, PublicKeyToken=e4e4220ce185ae83" CustomizationLevel="1">
      <IsolationMode>1</IsolationMode>
      <SourceType>0</SourceType>
      <FileName>/PluginAssemblies/DateChecker-48FEE659-D8A9-4C0D-9BCD-61AABA7801E9/DateChecker.dll</FileName>
      <PluginTypes>
        <PluginType AssemblyQualifiedName="Microsoft.Crm.Sdk.Samples.DateChecker, DateChecker, Version=1.0.0.0, Culture=neutral, PublicKeyToken=e4e4220ce185ae83" Name="DateChecker">
          <Description>Checks Est. Close date and send an email if needed</Description>
          <FriendlyName>Date Checker</FriendlyName>
          <WorkflowActivityGroupName>Sample Activities</WorkflowActivityGroupName>
        </PluginType>
      </PluginTypes>
    </PluginAssembly>
    <PluginAssembly FullName="DistanceCalculator, Version=1.0.0.0, Culture=neutral, PublicKeyToken=e8e897abb069df0e" CustomizationLevel="1">
      <IsolationMode>1</IsolationMode>
      <SourceType>0</SourceType>
      <FileName>/PluginAssemblies/DistanceCalculator-0161F714-414E-4C6D-B0CF-6012679492F4/DistanceCalculator.dll</FileName>
      <PluginTypes>
        <PluginType AssemblyQualifiedName="Microsoft.Crm.Sdk.Samples.DistanceCalculator, DistanceCalculator, Version=1.0.0.0, Culture=neutral, PublicKeyToken=e8e897abb069df0e" Name="DistanceCalculator">
          <Description>Calculates the distance between two zip codes</Description>
          <FriendlyName>Distance Calculator</FriendlyName>
          <WorkflowActivityGroupName>Sample Activities</WorkflowActivityGroupName>
        </PluginType>
      </PluginTypes>
    </PluginAssembly>
    <PluginAssembly FullName="PostUrl, Version=1.0.0.0, Culture=neutral, PublicKeyToken=b205e8bc3c37bbca" CustomizationLevel="1">
      <IsolationMode>1</IsolationMode>
      <SourceType>0</SourceType>
      <FileName>/PluginAssemblies/PostUrl-CD753E23-8316-48A4-9A3E-9A50EAE177C9/PostUrl.dll</FileName>
      <PluginTypes>
        <PluginType AssemblyQualifiedName="Microsoft.Crm.Sdk.Samples.PostUrl, PostUrl, Version=1.0.0.0, Culture=neutral, PublicKeyToken=b205e8bc3c37bbca" Name="PostUrl">
          <Description>Post data to a URL</Description>
          <FriendlyName>PostUrl</FriendlyName>
          <WorkflowActivityGroupName>Sample Activities</WorkflowActivityGroupName>
        </PluginType>
      </PluginTypes>
    </PluginAssembly>
  </SolutionPluginAssemblies>
  <Languages>
    <Language>1033</Language>
    <Language>1025</Language>
    <Language>1037</Language>
  </Languages>
</ImportExportXml>