<ImportExportXml xmlns:xsi="http://www.w3.org/2001/XMLSchema-instance">
  <Entities></Entities>
  <Roles></Roles>
  <Workflows></Workflows>
  <FieldSecurityProfiles></FieldSecurityProfiles>
  <Templates />
  <EntityMaps />
  <EntityRelationships />
  <OrganizationSettings />
  <optionsets />
  <WebResources>
    <WebResource>
      <WebResourceId>{5a4ee028-f7f4-e011-9d26-00155dba3819}</WebResourceId>
      <Name>sample_/Scripts/json2.js</Name>
      <DisplayName>sample_/Scripts/json2.js</DisplayName>
      <Description>This JavaScript library provides a JSON object for pages that do not have one.</Description>
      <WebResourceType>3</WebResourceType>
      <IsCustomizable>1</IsCustomizable>
      <CanBeDeleted>1</CanBeDeleted>
      <IsHidden>0</IsHidden>
      <FileName>/WebResources/sample_Scriptsjson2js5A4EE028-F7F4-E011-9D26-00155DBA3819</FileName>
    </WebResource>
    <WebResource>
      <WebResourceId>{220dfd3e-7c56-e111-8695-00155dba381a}</WebResourceId>
      <Name>sample_/JavaScriptRESTAssociateDisassociate.htm</Name>
      <DisplayName>sample_/JavaScriptRESTAssociateDisassociate.htm</DisplayName>
      <Description>The configuration page for the JavaScript REST Associate Disassociate Sample</Description>
      <WebResourceType>1</WebResourceType>
      <IsCustomizable>1</IsCustomizable>
      <CanBeDeleted>1</CanBeDeleted>
      <IsHidden>0</IsHidden>
      <FileName>/WebResources/sample_JavaScriptRESTAssociateDisassociatehtm220DFD3E-7C56-E111-8695-00155DBA381A</FileName>
    </WebResource>
    <WebResource>
      <WebResourceId>{c6e14f77-7d56-e111-8695-00155dba381a}</WebResourceId>
      <Name>sample_/Scripts/JavaScriptRESTAssociateDisassociate.js</Name>
      <DisplayName>sample_/Scripts/JavaScriptRESTAssociateDisassociate.js</DisplayName>
      <Description>This library provides the logic for the JavaScript REST Associate Disassociate Sample</Description>
      <WebResourceType>3</WebResourceType>
      <IsCustomizable>1</IsCustomizable>
      <CanBeDeleted>1</CanBeDeleted>
      <IsHidden>0</IsHidden>
      <FileName>/WebResources/sample_ScriptsJavaScriptRESTAssociateDisassociatejC6E14F77-7D56-E111-8695-00155DBA381A</FileName>
    </WebResource>
    <WebResource>
      <WebResourceId>{3419736a-7905-e111-aa36-00155dba381a}</WebResourceId>
      <Name>sample_/Scripts/SDK.REST.js</Name>
      <DisplayName>sample_/Scripts/SDK.REST.js</DisplayName>
      <Description>This library provides functions to support Create, Retrieve, Update, and Delete operations using the REST Endpoint for Web Resources.</Description>
      <WebResourceType>3</WebResourceType>
      <IsCustomizable>1</IsCustomizable>
      <CanBeDeleted>1</CanBeDeleted>
      <IsHidden>0</IsHidden>
      <FileName>/WebResources/sample_ScriptsSDKRESTjs3419736A-7905-E111-AA36-00155DBA381A</FileName>
    </WebResource>
  </WebResources>
  <Languages>
    <Language>1033</Language>
  </Languages>
</ImportExportXml>